{
    "name": "Hide Home Playtime",
    "version": "v1.0",
    "author": "BananaAcid",
    "target": "Home",
    "description": "Hides the playtime and/or title on the home screen",
    "manifest_version": 4,
    "inject": {
        "shared.css": [
            "SP"
        ] 
    },
    "patches": {
        "Show playtime": {
            "type": "slider",
            "default": "off",
            "values": {
                "off": {
                    "setting.visibility/0.css": ["SP"]
                },
                "25%": {
                    "setting.visibility/25.css": ["SP"]
                },
                "50%": {
                    "setting.visibility/50.css": ["SP"]
                },
                "75%": {
                    "setting.visibility/75.css": ["SP"]
                }
            }
        },
        "Hide title": {
            "type": "checkbox",
            "default": "No",
            "values": {
                "Yes": {
                    "setting.hideTitle/yes.css": [
                        "SP"
                    ]
                },
                "No": {}
            }
        },
        "Fix Phantom theme: indent 1st caption": {
            "type": "checkbox",
            "default": "No",
            "values": {
                "Yes": {
                    "setting.fixPhantom/yes.css": ["SP"]
                },
                "No": {}
            }
        }
    }
}